Time,TraceSource,NodeId,MsgType,TxRemaining,PacketHex,PacketLength
1.317774654,USMsgRx,909,2,0,fdffffffffffffff0000,10
1.555553543,USMsgRx,814,2,0,fcffffffffffffff0000,10
1.709909937,USMsgRx,402,2,0,fbffffffffffffff0000,10
2.177837759,USMsgRx,105,2,0,faffffffffffffff0000,10
2.378551603,USMsgRx,930,2,0,f8ffffffffffffff0000,10
2.443256755,USMsgRx,404,2,0,f9ffffffffffffff0000,10
2.682691779,USMsgRx,343,2,0,feffffffffffffff0000,10
3.186132942,USMsgRx,325,2,0,f5ffffffffffffff0000,10
3.204809767,USMsgRx,960,2,0,f6ffffffffffffff0000,10
3.742991869,USMsgRx,725,2,0,f4ffffffffffffff0000,10
4.488822931,USMsgRx,889,2,0,f3ffffffffffffff0000,10
4.577782125,USMsgRx,887,2,0,f2ffffffffffffff0000,10
5.220539550,USMsgRx,838,2,0,f1ffffffffffffff0000,10
5.845407744,USMsgRx,211,2,0,efffffffffffffff0000,10
6.067021110,USMsgRx,546,2,0,eeffffffffffffff0000,10
7.169180113,USMsgRx,203,2,0,ecffffffffffffff0000,10
7.193807555,USMsgRx,358,2,0,edffffffffffffff0000,10
7.852539504,USMsgRx,208,2,0,eaffffffffffffff0000,10
7.926463969,USMsgRx,550,2,0,e9ffffffffffffff0000,10
8.636539471,USMsgRx,216,2,0,e8ffffffffffffff0000,10
8.951277142,USMsgRx,662,2,0,e7ffffffffffffff0000,10
9.007409798,USMsgRx,28,2,0,e6ffffffffffffff0000,10
9.210507260,USMsgRx,172,2,0,ebffffffffffffff0000,10
9.331206991,USMsgRx,549,2,0,e3ffffffffffffff0000,10
9.393868162,USMsgRx,235,2,0,e4ffffffffffffff0000,10
9.787199666,USMsgRx,192,2,0,e2ffffffffffffff0000,10
9.913149158,USMsgRx,411,2,0,e1ffffffffffffff0000,10
9.948085188,USMsgRx,724,2,0,e0ffffffffffffff0000,10
10.209351325,USMsgRx,989,2,0,dfffffffffffffff0000,10
10.879493420,USMsgRx,536,2,0,deffffffffffffff0000,10
11.086290986,USMsgRx,125,2,0,ddffffffffffffff0000,10
11.234434599,USMsgRx,623,2,0,dcffffffffffffff0000,10
11.408060718,USMsgRx,534,2,0,d9ffffffffffffff0000,10
11.551288600,USMsgRx,660,2,0,daffffffffffffff0000,10
11.566567541,USMsgRx,750,2,0,d8ffffffffffffff0000,10
12.117679571,USMsgRx,287,2,0,d6ffffffffffffff0000,10
12.700760702,USMsgRx,137,2,0,d5ffffffffffffff0000,10
13.161611911,USMsgRx,3,2,0,d7ffffffffffffff0000,10
13.200818120,USMsgRx,943,2,0,d4ffffffffffffff0000,10
13.202997388,USMsgRx,217,2,0,d3ffffffffffffff0000,10
13.385741023,USMsgRx,863,2,0,d2ffffffffffffff0000,10
14.017235845,USMsgRx,560,2,0,d1ffffffffffffff0000,10
15.048313274,USMsgRx,119,2,0,cfffffffffffffff0000,10
15.216253273,USMsgRx,468,2,0,ceffffffffffffff0000,10
15.345714780,USMsgRx,690,2,0,cdffffffffffffff0000,10
15.651895091,USMsgRx,697,2,0,d0ffffffffffffff0000,10
16.183708983,USMsgRx,74,2,0,ccffffffffffffff0000,10
16.444690839,USMsgRx,775,2,0,caffffffffffffff0000,10
16.445646119,USMsgRx,460,2,0,cbffffffffffffff0000,10
16.644066066,USMsgRx,128,2,0,c9ffffffffffffff0000,10
16.808102350,USMsgRx,406,2,0,c8ffffffffffffff0000,10
17.398545600,USMsgRx,633,2,0,c7ffffffffffffff0000,10
17.730079653,USMsgRx,266,2,0,c6ffffffffffffff0000,10
17.986618604,USMsgRx,692,2,0,c5ffffffffffffff0000,10
18.721140475,USMsgRx,283,2,0,c4ffffffffffffff0000,10
18.943872019,USMsgRx,22,2,0,c2ffffffffffffff0000,10
19.088655163,USMsgRx,802,2,0,c1ffffffffffffff0000,10
19.211726172,USMsgRx,868,2,0,c0ffffffffffffff0000,10
19.357142878,USMsgRx,360,2,0,bfffffffffffffff0000,10
19.699034073,USMsgRx,658,2,0,bdffffffffffffff0000,10
20.057675648,USMsgRx,625,2,0,bbffffffffffffff0000,10
20.841333376,USMsgRx,885,2,0,baffffffffffffff0000,10
20.937060138,USMsgRx,831,2,0,b9ffffffffffffff0000,10
21.059559390,USMsgRx,448,2,0,beffffffffffffff0000,10
21.112625499,USMsgRx,173,2,0,b8ffffffffffffff0000,10
21.731366419,USMsgRx,85,2,0,b7ffffffffffffff0000,10
21.940617072,USMsgRx,334,2,0,b5ffffffffffffff0000,10
22.073694121,USMsgRx,429,2,0,b4ffffffffffffff0000,10
22.275058973,USMsgRx,614,2,0,b3ffffffffffffff0000,10
22.758238565,USMsgRx,911,2,0,b2ffffffffffffff0000,10
22.971542586,USMsgRx,140,2,0,b1ffffffffffffff0000,10
23.174080834,USMsgRx,79,2,0,afffffffffffffff0000,10
23.385910366,USMsgRx,103,2,0,aeffffffffffffff0000,10
23.676083584,USMsgRx,474,2,0,abffffffffffffff0000,10
24.305015088,USMsgRx,508,2,0,acffffffffffffff0000,10
24.392376001,USMsgRx,413,2,0,a8ffffffffffffff0000,10
24.583203554,USMsgRx,746,2,0,a7ffffffffffffff0000,10
24.633314629,USMsgRx,840,2,0,a9ffffffffffffff0000,10
24.827331579,USMsgRx,176,2,0,a5ffffffffffffff0000,10
24.894136138,USMsgRx,371,2,0,a4ffffffffffffff0000,10
24.895581190,USMsgRx,446,2,0,a6ffffffffffffff0000,10
25.095892213,USMsgRx,729,2,0,a3ffffffffffffff0000,10
25.362274089,USMsgRx,102,2,0,a2ffffffffffffff0000,10
25.438252815,USMsgRx,558,2,0,a1ffffffffffffff0000,10
25.893781888,USMsgRx,124,2,0,a0ffffffffffffff0000,10
26.497415162,USMsgRx,58,2,0,9fffffffffffffff0000,10
26.569191704,USMsgRx,36,2,0,9effffffffffffff0000,10
27.232208849,USMsgRx,696,2,0,9dffffffffffffff0000,10
27.363142864,USMsgRx,793,2,0,9cffffffffffffff0000,10
27.493399752,USMsgRx,53,2,0,9bffffffffffffff0000,10
28.354929733,USMsgRx,653,2,0,9affffffffffffff0000,10
28.451385020,USMsgRx,410,2,0,99ffffffffffffff0000,10
29.009818481,USMsgRx,622,2,0,96ffffffffffffff0000,10
29.066994458,USMsgRx,282,2,0,97ffffffffffffff0000,10
29.093044774,USMsgRx,147,2,0,95ffffffffffffff0000,10
29.170440613,USMsgRx,765,2,0,94ffffffffffffff0000,10
29.459397505,USMsgRx,591,2,0,93ffffffffffffff0000,10
29.605265135,USMsgRx,629,2,0,98ffffffffffffff0000,10
29.903021334,USMsgRx,397,2,0,92ffffffffffffff0000,10
30.439744365,USMsgRx,422,2,0,91ffffffffffffff0000,10
30.730504277,USMsgRx,783,2,0,8fffffffffffffff0000,10
30.802243140,USMsgRx,853,2,0,8effffffffffffff0000,10
31.159851505,USMsgRx,788,2,0,8dffffffffffffff0000,10
31.225778151,USMsgRx,181,2,0,8cffffffffffffff0000,10
31.403031853,USMsgRx,647,2,0,8bffffffffffffff0000,10
31.701310019,USMsgRx,584,2,0,8affffffffffffff0000,10
31.948212479,USMsgRx,387,2,0,89ffffffffffffff0000,10
33.102859148,USMsgRx,936,2,0,88ffffffffffffff0000,10
33.189501062,USMsgRx,112,2,0,87ffffffffffffff0000,10
33.518992325,USMsgRx,431,2,0,86ffffffffffffff0000,10
33.841189638,USMsgRx,562,2,0,85ffffffffffffff0000,10
33.964810137,USMsgRx,510,2,0,84ffffffffffffff0000,10
34.369039641,USMsgRx,288,2,0,83ffffffffffffff0000,10
34.703938817,USMsgRx,171,2,0,82ffffffffffffff0000,10
35.306674043,USMsgRx,385,2,0,81ffffffffffffff0000,10
35.705682014,USMsgRx,184,2,0,80ffffffffffffff0000,10
37.181526047,USMsgRx,543,2,0,7fffffffffffffff0000,10
37.603321878,USMsgRx,751,2,0,7effffffffffffff0000,10
37.697153258,USMsgRx,674,2,0,7dffffffffffffff0000,10
37.961508886,USMsgRx,95,2,0,7bffffffffffffff0000,10
39.244526046,USMsgRx,944,2,0,79ffffffffffffff0000,10
39.291731904,USMsgRx,202,2,0,7affffffffffffff0000,10
39.749863890,USMsgRx,785,2,0,78ffffffffffffff0000,10
39.792611431,USMsgRx,329,2,0,77ffffffffffffff0000,10
39.955733904,USMsgRx,182,2,0,75ffffffffffffff0000,10
40.261942046,USMsgRx,531,2,0,73ffffffffffffff0000,10
40.481749004,USMsgRx,507,2,0,71ffffffffffffff0000,10
40.563430707,USMsgRx,10,2,0,74ffffffffffffff0000,10
40.623099153,USMsgRx,54,2,0,70ffffffffffffff0000,10
40.884010909,USMsgRx,233,2,0,6fffffffffffffff0000,10
41.093134065,USMsgRx,826,2,0,6effffffffffffff0000,10
41.560937301,USMsgRx,642,2,0,6dffffffffffffff0000,10
42.069133702,USMsgRx,575,2,0,6cffffffffffffff0000,10
42.686106648,USMsgRx,811,2,0,6bffffffffffffff0000,10
43.716416949,USMsgRx,561,2,0,68ffffffffffffff0000,10
43.859739852,USMsgRx,851,2,0,69ffffffffffffff0000,10
44.218825400,USMsgRx,93,2,0,67ffffffffffffff0000,10
44.394252648,USMsgRx,774,2,0,6affffffffffffff0000,10
44.677276751,USMsgRx,199,2,0,65ffffffffffffff0000,10
44.857873579,USMsgRx,104,2,0,63ffffffffffffff0000,10
45.114486938,USMsgRx,269,2,0,64ffffffffffffff0000,10
45.354671282,USMsgRx,130,2,0,60ffffffffffffff0000,10
45.910819441,USMsgRx,328,2,0,5fffffffffffffff0000,10
46.359840769,USMsgRx,437,2,0,5dffffffffffffff0000,10
46.528892502,USMsgRx,214,2,0,5cffffffffffffff0000,10
47.234236247,USMsgRx,47,2,0,58ffffffffffffff0000,10
47.453405329,USMsgRx,149,2,0,5affffffffffffff0000,10
47.485076410,USMsgRx,126,2,0,57ffffffffffffff0000,10
48.264147193,USMsgRx,493,2,0,55ffffffffffffff0000,10
48.446415477,USMsgRx,518,2,0,56ffffffffffffff0000,10
48.898194453,USMsgRx,716,2,0,54ffffffffffffff0000,10
49.312133383,USMsgRx,799,2,0,53ffffffffffffff0000,10
49.586172284,USMsgRx,189,2,0,52ffffffffffffff0000,10
49.702261645,USMsgRx,761,2,0,51ffffffffffffff0000,10
49.862304111,USMsgRx,789,2,0,4fffffffffffffff0000,10
50.412509887,USMsgRx,408,2,0,4effffffffffffff0000,10
50.569208108,USMsgRx,311,2,0,50ffffffffffffff0000,10
51.188100351,USMsgRx,48,2,0,4cffffffffffffff0000,10
51.261750836,USMsgRx,719,2,0,4bffffffffffffff0000,10
51.469156439,USMsgRx,375,2,0,4affffffffffffff0000,10
51.551928232,USMsgRx,205,2,0,49ffffffffffffff0000,10
52.209513991,USMsgRx,898,2,0,48ffffffffffffff0000,10
52.448158667,USMsgRx,14,2,0,46ffffffffffffff0000,10
52.966647390,USMsgRx,801,2,0,45ffffffffffffff0000,10
53.045645668,USMsgRx,268,2,0,44ffffffffffffff0000,10
53.146029979,USMsgRx,835,2,0,43ffffffffffffff0000,10
53.725789478,USMsgRx,362,2,0,41ffffffffffffff0000,10
53.908999427,USMsgRx,143,2,0,3fffffffffffffff0000,10
53.949289076,USMsgRx,503,2,0,40ffffffffffffff0000,10
54.170150837,USMsgRx,797,2,0,3dffffffffffffff0000,10
54.175690974,USMsgRx,583,2,0,3effffffffffffff0000,10
54.404001068,USMsgRx,348,2,0,3cffffffffffffff0000,10
54.518147558,USMsgRx,305,2,0,3affffffffffffff0000,10
54.561974046,USMsgRx,135,2,0,3bffffffffffffff0000,10
54.882450416,USMsgRx,456,2,0,38ffffffffffffff0000,10
55.775045982,USMsgRx,81,2,0,37ffffffffffffff0000,10
55.980566283,USMsgRx,452,2,0,36ffffffffffffff0000,10
56.957687894,USMsgRx,808,2,0,35ffffffffffffff0000,10
57.169780479,USMsgRx,845,2,0,34ffffffffffffff0000,10
57.634951906,USMsgRx,341,2,0,32ffffffffffffff0000,10
57.669865352,USMsgRx,497,2,0,33ffffffffffffff0000,10
57.869923182,USMsgRx,817,2,0,31ffffffffffffff0000,10
58.604757679,USMsgRx,837,2,0,30ffffffffffffff0000,10
58.719000767,USMsgRx,347,2,0,2fffffffffffffff0000,10
59.126424267,USMsgRx,910,2,0,2effffffffffffff0000,10
59.308951880,USMsgRx,846,2,0,2dffffffffffffff0000,10
59.384506466,USMsgRx,418,2,0,2bffffffffffffff0000,10
59.442887082,USMsgRx,449,2,0,2cffffffffffffff0000,10
59.608885908,USMsgRx,874,2,0,2affffffffffffff0000,10
60.016048269,USMsgRx,238,2,0,29ffffffffffffff0000,10
60.227951467,USMsgRx,37,2,0,28ffffffffffffff0000,10
60.699157386,USMsgRx,780,2,0,27ffffffffffffff0000,10
60.753008001,USMsgRx,592,2,0,25ffffffffffffff0000,10
60.828633631,USMsgRx,83,2,0,24ffffffffffffff0000,10
61.046079275,USMsgRx,275,2,0,22ffffffffffffff0000,10
61.229502327,USMsgRx,825,2,0,21ffffffffffffff0000,10
61.288600211,USMsgRx,555,2,0,23ffffffffffffff0000,10
61.365721133,USMsgRx,872,2,0,20ffffffffffffff0000,10
62.681834826,USMsgRx,495,2,0,1effffffffffffff0000,10
62.853732010,USMsgRx,222,2,0,1fffffffffffffff0000,10
62.915600302,USMsgRx,229,2,0,1dffffffffffffff0000,10
63.783588147,USMsgRx,94,2,0,1bffffffffffffff0000,10
63.837980629,USMsgRx,326,2,0,1affffffffffffff0000,10
63.997871218,USMsgRx,753,2,0,1cffffffffffffff0000,10
64.471676102,USMsgRx,209,2,0,19ffffffffffffff0000,10
65.234712933,USMsgRx,661,2,0,17ffffffffffffff0000,10
65.391650799,USMsgRx,576,2,0,16ffffffffffffff0000,10
65.401608777,USMsgRx,359,2,0,18ffffffffffffff0000,10
65.539718095,USMsgRx,794,2,0,15ffffffffffffff0000,10
65.776745676,USMsgRx,49,2,0,14ffffffffffffff0000,10
66.002949520,USMsgRx,650,2,0,12ffffffffffffff0000,10
66.115825924,USMsgRx,643,2,0,13ffffffffffffff0000,10
66.246481506,USMsgRx,357,2,0,11ffffffffffffff0000,10
67.231044347,USMsgRx,11,2,0,10ffffffffffffff0000,10
67.554586548,USMsgRx,525,2,0,0effffffffffffff0000,10
67.733419876,USMsgRx,307,2,0,0dffffffffffffff0000,10
67.874786588,USMsgRx,683,2,0,0cffffffffffffff0000,10
68.290999642,USMsgRx,552,2,0,0bffffffffffffff0000,10
68.548966223,USMsgRx,15,2,0,0affffffffffffff0000,10
68.810450633,USMsgRx,699,2,0,0fffffffffffffff0000,10
69.690826688,USMsgRx,580,2,0,09ffffffffffffff0000,10
70.400904888,USMsgRx,179,2,0,08ffffffffffffff0000,10
71.630020592,USMsgRx,156,2,0,07ffffffffffffff0000,10
71.909443868,USMsgRx,782,2,0,05ffffffffffffff0000,10
72.334776125,USMsgRx,651,2,0,04ffffffffffffff0000,10
72.337051764,USMsgRx,517,2,0,03ffffffffffffff0000,10
72.711781753,USMsgRx,589,2,0,02ffffffffffffff0000,10
72.941962860,USMsgRx,807,2,0,01ffffffffffffff0000,10
73.184279906,USMsgRx,664,2,0,fffeffffffffffff0000,10
73.245678439,USMsgRx,70,2,0,00ffffffffffffff0000,10
73.353571395,USMsgRx,303,2,0,fefeffffffffffff0000,10
73.661278120,USMsgRx,12,2,0,fdfeffffffffffff0000,10
73.944541069,USMsgRx,581,2,0,fcfeffffffffffff0000,10
74.788174193,USMsgRx,923,2,0,fbfeffffffffffff0000,10
75.080126410,USMsgRx,196,2,0,fafeffffffffffff0000,10
75.184828950,USMsgRx,101,2,0,f9feffffffffffff0000,10
75.287371628,USMsgRx,810,2,0,f7feffffffffffff0000,10
76.458176929,USMsgRx,710,2,0,f6feffffffffffff0000,10
76.902640462,USMsgRx,337,2,0,f5feffffffffffff0000,10
77.233737773,USMsgRx,590,2,0,f4feffffffffffff0000,10
77.642265320,USMsgRx,13,2,0,f3feffffffffffff0000,10
77.981429568,USMsgRx,766,2,0,f2feffffffffffff0000,10
78.735390015,USMsgRx,17,2,0,f1feffffffffffff0000,10
79.470501336,USMsgRx,600,2,0,edfeffffffffffff0000,10
80.042777411,USMsgRx,730,2,0,ecfeffffffffffff0000,10
80.354205284,USMsgRx,407,2,0,ebfeffffffffffff0000,10
80.747965661,USMsgRx,705,2,0,e9feffffffffffff0000,10
80.842837119,USMsgRx,882,2,0,e8feffffffffffff0000,10
81.256021255,USMsgRx,718,2,0,e6feffffffffffff0000,10
82.180834476,USMsgRx,442,2,0,e5feffffffffffff0000,10
82.326207430,USMsgRx,812,2,0,e2feffffffffffff0000,10
82.460810829,USMsgRx,339,2,0,e3feffffffffffff0000,10
82.495399717,USMsgRx,463,2,0,e1feffffffffffff0000,10
83.420279806,USMsgRx,820,2,0,e0feffffffffffff0000,10
83.939574598,USMsgRx,895,2,0,dffeffffffffffff0000,10
84.414622472,USMsgRx,26,2,0,ddfeffffffffffff0000,10
84.682968952,USMsgRx,758,2,0,defeffffffffffff0000,10
84.880706957,USMsgRx,671,2,0,d9feffffffffffff0000,10
85.824746322,USMsgRx,109,2,0,d8feffffffffffff0000,10
86.046052592,USMsgRx,193,2,0,d6feffffffffffff0000,10
86.140814347,USMsgRx,574,2,0,d7feffffffffffff0000,10
86.220188425,USMsgRx,419,2,0,d4feffffffffffff0000,10
86.353876071,USMsgRx,803,2,0,d3feffffffffffff0000,10
86.447023085,USMsgRx,16,2,0,d2feffffffffffff0000,10
87.203972330,USMsgRx,159,2,0,d1feffffffffffff0000,10
87.342334825,USMsgRx,398,2,0,d0feffffffffffff0000,10
88.338643557,USMsgRx,952,2,0,cefeffffffffffff0000,10
88.357480417,USMsgRx,748,2,0,cdfeffffffffffff0000,10
88.367671576,USMsgRx,396,2,0,cffeffffffffffff0000,10
88.710889338,USMsgRx,42,2,0,cbfeffffffffffff0000,10
88.850280634,USMsgRx,255,2,0,cafeffffffffffff0000,10
89.408145468,USMsgRx,388,2,0,c8feffffffffffff0000,10
89.420948117,USMsgRx,913,2,0,c9feffffffffffff0000,10
89.533984213,USMsgRx,850,2,0,c7feffffffffffff0000,10
89.795606880,USMsgRx,300,2,0,c6feffffffffffff0000,10
90.219826309,USMsgRx,479,2,0,c5feffffffffffff0000,10
90.585288946,USMsgRx,951,2,0,c4feffffffffffff0000,10
90.980422507,USMsgRx,98,2,0,c3feffffffffffff0000,10
91.224343067,USMsgRx,795,2,0,c1feffffffffffff0000,10
91.560156823,USMsgRx,953,2,0,c0feffffffffffff0000,10
92.177949652,USMsgRx,578,2,0,bffeffffffffffff0000,10
92.542431118,USMsgRx,372,2,0,befeffffffffffff0000,10
92.976857498,USMsgRx,698,2,0,bdfeffffffffffff0000,10
93.311164121,USMsgRx,948,2,0,bcfeffffffffffff0000,10
93.658789385,USMsgRx,46,2,0,bbfeffffffffffff0000,10
94.171517651,USMsgRx,626,2,0,bafeffffffffffff0000,10
94.720162220,USMsgRx,289,2,0,b8feffffffffffff0000,10
94.863739055,USMsgRx,420,2,0,b7feffffffffffff0000,10
95.363431464,USMsgRx,433,2,0,b4feffffffffffff0000,10
95.386977099,USMsgRx,929,2,0,b3feffffffffffff0000,10
95.530577040,USMsgRx,888,2,0,b9feffffffffffff0000,10
95.580347271,USMsgRx,919,2,0,b6feffffffffffff0000,10
95.644629157,USMsgRx,891,2,0,b2feffffffffffff0000,10
95.738254620,USMsgRx,901,2,0,b1feffffffffffff0000,10
95.826907544,USMsgRx,78,2,0,b0feffffffffffff0000,10
96.035357452,USMsgRx,861,2,0,affeffffffffffff0000,10
96.188228823,USMsgRx,686,2,0,adfeffffffffffff0000,10
96.330152736,USMsgRx,33,2,0,acfeffffffffffff0000,10
96.750291893,USMsgRx,563,2,0,aefeffffffffffff0000,10
97.261136808,USMsgRx,855,2,0,abfeffffffffffff0000,10
97.408515160,USMsgRx,896,2,0,aafeffffffffffff0000,10
99.117796072,USMsgRx,324,2,0,a9feffffffffffff0000,10
100.615191331,USMsgRx,274,2,0,a8feffffffffffff0000,10
100.782649749,USMsgRx,246,2,0,a6feffffffffffff0000,10
101.005146074,USMsgRx,556,2,0,a4feffffffffffff0000,10
101.050029318,USMsgRx,284,2,0,a5feffffffffffff0000,10
101.285787843,USMsgRx,816,2,0,a3feffffffffffff0000,10
101.378265328,USMsgRx,331,2,0,a2feffffffffffff0000,10
101.643952165,USMsgRx,606,2,0,a1feffffffffffff0000,10
101.779781245,USMsgRx,879,2,0,a0feffffffffffff0000,10
102.215990145,USMsgRx,258,2,0,9ffeffffffffffff0000,10
102.526116544,USMsgRx,281,2,0,9efeffffffffffff0000,10
102.601511395,USMsgRx,914,2,0,9dfeffffffffffff0000,10
102.900593758,USMsgRx,752,2,0,9cfeffffffffffff0000,10
103.108335162,USMsgRx,822,2,0,9bfeffffffffffff0000,10
103.174091124,USMsgRx,379,2,0,9afeffffffffffff0000,10
103.367316803,USMsgRx,800,2,0,99feffffffffffff0000,10
103.596864934,USMsgRx,864,2,0,98feffffffffffff0000,10
103.825892608,USMsgRx,978,2,0,97feffffffffffff0000,10
104.679195849,USMsgRx,43,2,0,96feffffffffffff0000,10
105.825019832,USMsgRx,35,2,0,95feffffffffffff0000,10
106.120886749,USMsgRx,313,2,0,92feffffffffffff0000,10
106.368101292,USMsgRx,231,2,0,93feffffffffffff0000,10
106.618432406,USMsgRx,445,2,0,91feffffffffffff0000,10
107.077777919,USMsgRx,415,2,0,90feffffffffffff0000,10
107.175634627,USMsgRx,76,2,0,8ffeffffffffffff0000,10
107.180719989,USMsgRx,488,2,0,8efeffffffffffff0000,10
107.489433364,USMsgRx,72,2,0,8dfeffffffffffff0000,10
107.913813323,USMsgRx,180,2,0,8cfeffffffffffff0000,10
108.398042616,USMsgRx,467,2,0,8afeffffffffffff0000,10
108.594675160,USMsgRx,937,2,0,8bfeffffffffffff0000,10
108.637491114,USMsgRx,416,2,0,87feffffffffffff0000,10
108.662185987,USMsgRx,65,2,0,88feffffffffffff0000,10
108.685715899,USMsgRx,617,2,0,89feffffffffffff0000,10
109.554755451,USMsgRx,894,2,0,86feffffffffffff0000,10
109.601498060,USMsgRx,976,2,0,85feffffffffffff0000,10
109.811122036,USMsgRx,114,2,0,84feffffffffffff0000,10
110.299158980,USMsgRx,355,2,0,83feffffffffffff0000,10
110.482019317,USMsgRx,990,2,0,81feffffffffffff0000,10
110.604158902,USMsgRx,701,2,0,82feffffffffffff0000,10
110.679236712,USMsgRx,317,2,0,80feffffffffffff0000,10
111.308522459,USMsgRx,354,2,0,7efeffffffffffff0000,10
111.416909173,USMsgRx,745,2,0,7dfeffffffffffff0000,10
111.432762835,USMsgRx,148,2,0,7ffeffffffffffff0000,10
111.552714406,USMsgRx,743,2,0,7bfeffffffffffff0000,10
111.850241542,USMsgRx,903,2,0,7afeffffffffffff0000,10
112.064125170,USMsgRx,621,2,0,79feffffffffffff0000,10
112.288283005,USMsgRx,927,2,0,7cfeffffffffffff0000,10
113.004926629,USMsgRx,836,2,0,76feffffffffffff0000,10
113.240267562,USMsgRx,956,2,0,75feffffffffffff0000,10
113.630634908,USMsgRx,781,2,0,74feffffffffffff0000,10
113.912242082,USMsgRx,295,2,0,73feffffffffffff0000,10
114.121144774,USMsgRx,958,2,0,72feffffffffffff0000,10
114.602673328,USMsgRx,585,2,0,71feffffffffffff0000,10
114.851535813,USMsgRx,290,2,0,70feffffffffffff0000,10
115.265906651,USMsgRx,377,2,0,6ffeffffffffffff0000,10
115.530125637,USMsgRx,821,2,0,6efeffffffffffff0000,10
115.720394425,USMsgRx,859,2,0,6dfeffffffffffff0000,10
115.934755605,USMsgRx,270,2,0,6cfeffffffffffff0000,10
116.204381961,USMsgRx,423,2,0,6afeffffffffffff0000,10
116.278834943,USMsgRx,302,2,0,6bfeffffffffffff0000,10
116.440857606,USMsgRx,244,2,0,69feffffffffffff0000,10
116.703801576,USMsgRx,286,2,0,68feffffffffffff0000,10
117.894769258,USMsgRx,361,2,0,67feffffffffffff0000,10
118.293297127,USMsgRx,635,2,0,63feffffffffffff0000,10
118.913701240,USMsgRx,24,2,0,62feffffffffffff0000,10
119.485919497,USMsgRx,279,2,0,61feffffffffffff0000,10
119.874540649,USMsgRx,188,2,0,5ffeffffffffffff0000,10
120.080580204,USMsgRx,559,2,0,5efeffffffffffff0000,10
120.124903851,USMsgRx,610,2,0,60feffffffffffff0000,10
120.530837846,USMsgRx,320,2,0,5cfeffffffffffff0000,10
121.043960955,USMsgRx,87,2,0,5dfeffffffffffff0000,10
121.384170879,USMsgRx,60,2,0,5afeffffffffffff0000,10
121.498541388,USMsgRx,967,2,0,58feffffffffffff0000,10
121.515862515,USMsgRx,115,2,0,59feffffffffffff0000,10
122.414598917,USMsgRx,84,2,0,56feffffffffffff0000,10
122.781937149,USMsgRx,480,2,0,55feffffffffffff0000,10
123.034491076,USMsgRx,127,2,0,54feffffffffffff0000,10
123.353566275,USMsgRx,516,2,0,52feffffffffffff0000,10
123.562368206,USMsgRx,224,2,0,53feffffffffffff0000,10
123.595036531,USMsgRx,7,2,0,51feffffffffffff0000,10
123.670376605,USMsgRx,56,2,0,50feffffffffffff0000,10
124.228054188,USMsgRx,757,2,0,4ffeffffffffffff0000,10
124.389405571,USMsgRx,884,2,0,4efeffffffffffff0000,10
124.762062084,USMsgRx,553,2,0,4cfeffffffffffff0000,10
124.797553221,USMsgRx,80,2,0,4bfeffffffffffff0000,10
124.923638556,USMsgRx,277,2,0,4dfeffffffffffff0000,10
125.796206990,USMsgRx,381,2,0,4afeffffffffffff0000,10
127.116484630,USMsgRx,86,2,0,49feffffffffffff0000,10
127.353119555,USMsgRx,657,2,0,47feffffffffffff0000,10
127.577669155,USMsgRx,939,2,0,48feffffffffffff0000,10
127.831966253,USMsgRx,195,2,0,46feffffffffffff0000,10
128.206037321,USMsgRx,301,2,0,45feffffffffffff0000,10
128.845180869,USMsgRx,263,2,0,44feffffffffffff0000,10
129.188331549,USMsgRx,99,2,0,43feffffffffffff0000,10
129.304005331,USMsgRx,630,2,0,42feffffffffffff0000,10
129.756622842,USMsgRx,726,2,0,40feffffffffffff0000,10
130.091184781,USMsgRx,627,2,0,3ffeffffffffffff0000,10
130.215260101,USMsgRx,486,2,0,41feffffffffffff0000,10
130.318083663,USMsgRx,670,2,0,3efeffffffffffff0000,10
131.303337299,USMsgRx,941,2,0,3cfeffffffffffff0000,10
132.151714641,USMsgRx,736,2,0,39feffffffffffff0000,10
132.833687511,USMsgRx,120,2,0,37feffffffffffff0000,10
132.930539745,USMsgRx,713,2,0,36feffffffffffff0000,10
133.124920050,USMsgRx,833,2,0,38feffffffffffff0000,10
133.128013529,USMsgRx,985,2,0,35feffffffffffff0000,10
133.151559682,USMsgRx,722,2,0,33feffffffffffff0000,10
133.390607262,USMsgRx,18,2,0,32feffffffffffff0000,10
133.924235804,USMsgRx,848,2,0,31feffffffffffff0000,10
134.028620207,USMsgRx,121,2,0,2ffeffffffffffff0000,10
134.168356749,USMsgRx,40,2,0,30feffffffffffff0000,10
135.113923574,USMsgRx,979,2,0,2efeffffffffffff0000,10
135.491179364,USMsgRx,871,2,0,2dfeffffffffffff0000,10
135.596349160,USMsgRx,136,2,0,2cfeffffffffffff0000,10
135.684075568,USMsgRx,824,2,0,2bfeffffffffffff0000,10
135.949272871,USMsgRx,968,2,0,2afeffffffffffff0000,10
136.244959122,USMsgRx,818,2,0,29feffffffffffff0000,10
136.325132596,USMsgRx,975,2,0,28feffffffffffff0000,10
136.783966323,USMsgRx,472,2,0,27feffffffffffff0000,10
137.414108687,USMsgRx,226,2,0,26feffffffffffff0000,10
137.712769850,USMsgRx,659,2,0,25feffffffffffff0000,10
137.966123177,USMsgRx,932,2,0,23feffffffffffff0000,10
138.621990268,USMsgRx,544,2,0,22feffffffffffff0000,10
138.765587188,USMsgRx,312,2,0,20feffffffffffff0000,10
138.907759784,USMsgRx,218,2,0,21feffffffffffff0000,10
139.058228161,USMsgRx,611,2,0,1ffeffffffffffff0000,10
139.217150392,USMsgRx,760,2,0,1efeffffffffffff0000,10
139.628608339,USMsgRx,949,2,0,1dfeffffffffffff0000,10
139.633118251,USMsgRx,174,2,0,1cfeffffffffffff0000,10
140.131183778,USMsgRx,142,2,0,1bfeffffffffffff0000,10
140.289831674,USMsgRx,520,2,0,1afeffffffffffff0000,10
140.803726327,USMsgRx,476,2,0,19feffffffffffff0000,10
141.471651534,USMsgRx,734,2,0,18feffffffffffff0000,10
141.814337225,USMsgRx,414,2,0,16feffffffffffff0000,10
141.994709206,USMsgRx,931,2,0,15feffffffffffff0000,10
142.016018401,USMsgRx,813,2,0,17feffffffffffff0000,10
142.301020548,USMsgRx,723,2,0,12feffffffffffff0000,10
142.410526219,USMsgRx,880,2,0,11feffffffffffff0000,10
142.892853960,USMsgRx,862,2,0,0ffeffffffffffff0000,10
143.185906975,USMsgRx,484,2,0,0efeffffffffffff0000,10
144.231929233,USMsgRx,389,2,0,0dfeffffffffffff0000,10
145.684824852,USMsgRx,667,2,0,0cfeffffffffffff0000,10
145.696612304,USMsgRx,991,2,0,0bfeffffffffffff0000,10
146.279649918,USMsgRx,186,2,0,0afeffffffffffff0000,10
146.515538075,USMsgRx,708,2,0,09feffffffffffff0000,10
146.634061953,USMsgRx,603,2,0,08feffffffffffff0000,10
146.758833211,USMsgRx,249,2,0,07feffffffffffff0000,10
146.824762800,USMsgRx,599,2,0,06feffffffffffff0000,10
147.035917255,USMsgRx,988,2,0,04feffffffffffff0000,10
147.072579045,USMsgRx,432,2,0,05feffffffffffff0000,10
147.212905295,USMsgRx,250,2,0,03feffffffffffff0000,10
147.834778866,USMsgRx,118,2,0,02feffffffffffff0000,10
147.902648062,USMsgRx,890,2,0,01feffffffffffff0000,10
148.531813032,USMsgRx,620,2,0,00feffffffffffff0000,10
148.783723066,USMsgRx,421,2,0,fefdffffffffffff0000,10
148.915178900,USMsgRx,155,2,0,fffdffffffffffff0000,10
148.999408365,USMsgRx,966,2,0,fcfdffffffffffff0000,10
149.114437093,USMsgRx,425,2,0,fdfdffffffffffff0000,10
149.796318295,USMsgRx,992,2,0,f9fdffffffffffff0000,10
150.775116776,USMsgRx,278,2,0,f8fdffffffffffff0000,10
151.080880630,USMsgRx,678,2,0,f7fdffffffffffff0000,10
151.489248382,USMsgRx,108,2,0,f5fdffffffffffff0000,10
151.582043313,USMsgRx,959,2,0,f4fdffffffffffff0000,10
151.759227854,USMsgRx,524,2,0,f3fdffffffffffff0000,10
151.944758725,USMsgRx,527,2,0,f2fdffffffffffff0000,10
152.158948566,USMsgRx,602,2,0,f1fdffffffffffff0000,10
152.376593587,USMsgRx,954,2,0,f0fdffffffffffff0000,10
152.626971753,USMsgRx,64,2,0,f6fdffffffffffff0000,10
152.654520459,USMsgRx,899,2,0,eefdffffffffffff0000,10
152.765959552,USMsgRx,672,2,0,edfdffffffffffff0000,10
152.894079829,USMsgRx,693,2,0,ecfdffffffffffff0000,10
153.050944834,USMsgRx,34,2,0,ebfdffffffffffff0000,10
153.743444077,USMsgRx,982,2,0,e8fdffffffffffff0000,10
153.838540360,USMsgRx,296,2,0,e6fdffffffffffff0000,10
153.916350395,USMsgRx,857,2,0,eafdffffffffffff0000,10
154.393704510,USMsgRx,272,2,0,e5fdffffffffffff0000,10
154.670858287,USMsgRx,977,2,0,e4fdffffffffffff0000,10
154.724182844,USMsgRx,434,2,0,e3fdffffffffffff0000,10
155.149774637,USMsgRx,791,2,0,e2fdffffffffffff0000,10
155.560017985,USMsgRx,164,2,0,e1fdffffffffffff0000,10
155.844468718,USMsgRx,940,2,0,dffdffffffffffff0000,10
156.086095046,USMsgRx,615,2,0,e0fdffffffffffff0000,10
156.540745046,USMsgRx,597,2,0,defdffffffffffff0000,10
157.136441730,USMsgRx,227,2,0,d8fdffffffffffff0000,10
157.641722759,USMsgRx,542,2,0,d7fdffffffffffff0000,10
158.287574273,USMsgRx,344,2,0,d5fdffffffffffff0000,10
158.521600773,USMsgRx,183,2,0,d6fdffffffffffff0000,10
158.708911118,USMsgRx,744,2,0,d4fdffffffffffff0000,10
159.281004871,USMsgRx,595,2,0,d3fdffffffffffff0000,10
159.537005422,USMsgRx,970,2,0,d2fdffffffffffff0000,10
159.652080220,USMsgRx,905,2,0,d0fdffffffffffff0000,10
160.285568877,USMsgRx,41,2,0,cdfdffffffffffff0000,10
160.847823688,USMsgRx,96,2,0,cffdffffffffffff0000,10
161.102660650,USMsgRx,350,2,0,cbfdffffffffffff0000,10
161.180628474,USMsgRx,466,2,0,ccfdffffffffffff0000,10
161.275369453,USMsgRx,908,2,0,cafdffffffffffff0000,10
161.490849417,USMsgRx,926,2,0,c9fdffffffffffff0000,10
161.763710372,USMsgRx,565,2,0,c7fdffffffffffff0000,10
161.792654679,USMsgRx,946,2,0,c8fdffffffffffff0000,10
162.145876824,USMsgRx,945,2,0,c6fdffffffffffff0000,10
162.724321651,USMsgRx,673,2,0,c5fdffffffffffff0000,10
162.809442319,USMsgRx,787,2,0,c4fdffffffffffff0000,10
162.952830686,USMsgRx,676,2,0,c3fdffffffffffff0000,10
163.846299834,USMsgRx,441,2,0,c2fdffffffffffff0000,10
164.368742301,USMsgRx,273,2,0,c0fdffffffffffff0000,10
164.438780759,USMsgRx,587,2,0,bffdffffffffffff0000,10
164.836341426,USMsgRx,805,2,0,bcfdffffffffffff0000,10
164.883069997,USMsgRx,132,2,0,bdfdffffffffffff0000,10
164.968761861,USMsgRx,401,2,0,befdffffffffffff0000,10
165.474875398,USMsgRx,340,2,0,bafdffffffffffff0000,10
165.554411789,USMsgRx,314,2,0,bbfdffffffffffff0000,10
165.699682590,USMsgRx,251,2,0,c1fdffffffffffff0000,10
165.927313527,USMsgRx,327,2,0,b8fdffffffffffff0000,10
166.811996814,USMsgRx,393,2,0,b6fdffffffffffff0000,10
167.383877871,USMsgRx,88,2,0,b7fdffffffffffff0000,10
167.436440887,USMsgRx,504,2,0,b5fdffffffffffff0000,10
168.456177719,USMsgRx,187,2,0,b4fdffffffffffff0000,10
168.514541880,USMsgRx,961,2,0,b3fdffffffffffff0000,10
168.664516278,USMsgRx,514,2,0,b2fdffffffffffff0000,10
168.913798669,USMsgRx,430,2,0,b1fdffffffffffff0000,10
170.399531549,USMsgRx,75,2,0,b0fdffffffffffff0000,10
170.561141689,USMsgRx,573,2,0,aefdffffffffffff0000,10
170.623669865,USMsgRx,998,2,0,adfdffffffffffff0000,10
170.739001260,USMsgRx,906,2,0,affdffffffffffff0000,10
170.900624937,USMsgRx,32,2,0,acfdffffffffffff0000,10
171.134778659,USMsgRx,82,2,0,abfdffffffffffff0000,10
171.737540818,USMsgRx,739,2,0,aafdffffffffffff0000,10
171.879336730,USMsgRx,770,2,0,a9fdffffffffffff0000,10
172.338702791,USMsgRx,210,2,0,a8fdffffffffffff0000,10
172.617677344,USMsgRx,768,2,0,a7fdffffffffffff0000,10
172.676754690,USMsgRx,298,2,0,a6fdffffffffffff0000,10
172.891459741,USMsgRx,815,2,0,a4fdffffffffffff0000,10
173.064440586,USMsgRx,232,2,0,a5fdffffffffffff0000,10
173.342124046,USMsgRx,116,2,0,a2fdffffffffffff0000,10
173.720452546,USMsgRx,110,2,0,a1fdffffffffffff0000,10
173.841647542,USMsgRx,551,2,0,a0fdffffffffffff0000,10
173.949223190,USMsgRx,679,2,0,9ffdffffffffffff0000,10
174.278072464,USMsgRx,709,2,0,9efdffffffffffff0000,10
174.493026029,USMsgRx,608,2,0,9dfdffffffffffff0000,10
174.771699698,USMsgRx,876,2,0,9cfdffffffffffff0000,10
175.023510975,USMsgRx,530,2,0,9bfdffffffffffff0000,10
175.606906291,USMsgRx,470,2,0,9afdffffffffffff0000,10
176.941636922,USMsgRx,654,2,0,98fdffffffffffff0000,10
177.002466461,USMsgRx,399,2,0,97fdffffffffffff0000,10
177.162586293,USMsgRx,639,2,0,96fdffffffffffff0000,10
177.420859882,USMsgRx,886,2,0,95fdffffffffffff0000,10
178.731039586,USMsgRx,849,2,0,92fdffffffffffff0000,10
178.743521494,USMsgRx,8,2,0,91fdffffffffffff0000,10
178.980152062,USMsgRx,69,2,0,93fdffffffffffff0000,10
179.181615592,USMsgRx,965,2,0,8ffdffffffffffff0000,10
179.336535446,USMsgRx,157,2,0,8efdffffffffffff0000,10
179.435030774,USMsgRx,73,2,0,8dfdffffffffffff0000,10
179.835121763,USMsgRx,638,2,0,90fdffffffffffff0000,10
180.066700779,USMsgRx,169,2,0,8cfdffffffffffff0000,10
180.177896618,USMsgRx,605,2,0,8bfdffffffffffff0000,10
180.320329469,USMsgRx,987,2,0,88fdffffffffffff0000,10
180.823015542,USMsgRx,380,2,0,87fdffffffffffff0000,10
181.412547156,USMsgRx,980,2,0,85fdffffffffffff0000,10
181.560047167,USMsgRx,997,2,0,86fdffffffffffff0000,10
181.614606732,USMsgRx,594,2,0,84fdffffffffffff0000,10
182.320738548,USMsgRx,27,2,0,83fdffffffffffff0000,10
182.856340232,USMsgRx,267,2,0,82fdffffffffffff0000,10
184.150542939,USMsgRx,5,2,0,80fdffffffffffff0000,10
184.424218666,USMsgRx,798,2,0,7ffdffffffffffff0000,10
185.071281787,USMsgRx,538,2,0,81fdffffffffffff0000,10
185.734555401,USMsgRx,777,2,0,7efdffffffffffff0000,10
185.851442675,USMsgRx,489,2,0,7bfdffffffffffff0000,10
186.307682654,USMsgRx,854,2,0,7afdffffffffffff0000,10
186.404351767,USMsgRx,201,2,0,78fdffffffffffff0000,10
186.550184121,USMsgRx,247,2,0,7cfdffffffffffff0000,10
186.639626116,USMsgRx,749,2,0,79fdffffffffffff0000,10
186.741260046,USMsgRx,700,2,0,77fdffffffffffff0000,10
187.211205313,USMsgRx,523,2,0,76fdffffffffffff0000,10
187.447876304,USMsgRx,652,2,0,75fdffffffffffff0000,10
187.502822674,USMsgRx,649,2,0,74fdffffffffffff0000,10
187.737825195,USMsgRx,318,2,0,73fdffffffffffff0000,10
187.940199317,USMsgRx,522,2,0,72fdffffffffffff0000,10
187.997065502,USMsgRx,934,2,0,71fdffffffffffff0000,10
188.576954982,USMsgRx,912,2,0,70fdffffffffffff0000,10
188.945402095,USMsgRx,892,2,0,6ffdffffffffffff0000,10
189.150049820,USMsgRx,111,2,0,6efdffffffffffff0000,10
191.045941548,USMsgRx,509,2,0,6cfdffffffffffff0000,10
191.046055898,USMsgRx,365,2,0,6bfdffffffffffff0000,10
191.182177899,USMsgRx,333,2,0,6dfdffffffffffff0000,10
191.400362502,USMsgRx,66,2,0,6afdffffffffffff0000,10
191.516503901,USMsgRx,395,2,0,69fdffffffffffff0000,10
192.004738529,USMsgRx,443,2,0,68fdffffffffffff0000,10
192.281473836,USMsgRx,604,2,0,67fdffffffffffff0000,10
192.440119669,USMsgRx,776,2,0,66fdffffffffffff0000,10
192.699148982,USMsgRx,569,2,0,65fdffffffffffff0000,10
192.963548734,USMsgRx,291,2,0,64fdffffffffffff0000,10
192.984639912,USMsgRx,498,2,0,63fdffffffffffff0000,10
193.049545818,USMsgRx,453,2,0,62fdffffffffffff0000,10
193.739683216,USMsgRx,457,2,0,61fdffffffffffff0000,10
193.980587711,USMsgRx,593,2,0,60fdffffffffffff0000,10
194.453878328,USMsgRx,579,2,0,5efdffffffffffff0000,10
194.534252924,USMsgRx,241,2,0,5ffdffffffffffff0000,10
194.709712641,USMsgRx,680,2,0,5cfdffffffffffff0000,10
195.693586637,USMsgRx,363,2,0,5afdffffffffffff0000,10
196.024329585,USMsgRx,995,2,0,59fdffffffffffff0000,10
196.285734780,USMsgRx,740,2,0,58fdffffffffffff0000,10
196.362130191,USMsgRx,71,2,0,5bfdffffffffffff0000,10
196.529715230,USMsgRx,158,2,0,57fdffffffffffff0000,10
196.886118663,USMsgRx,609,2,0,55fdffffffffffff0000,10
197.386406100,USMsgRx,482,2,0,54fdffffffffffff0000,10
197.622501456,USMsgRx,330,2,0,53fdffffffffffff0000,10
198.198183318,USMsgRx,225,2,0,56fdffffffffffff0000,10
198.413096985,USMsgRx,733,2,0,50fdffffffffffff0000,10
198.648827114,USMsgRx,390,2,0,51fdffffffffffff0000,10
198.846336465,USMsgRx,131,2,0,4efdffffffffffff0000,10
198.953529762,USMsgRx,778,2,0,4cfdffffffffffff0000,10
199.158721136,USMsgRx,922,2,0,4bfdffffffffffff0000,10
199.409100579,USMsgRx,336,2,0,4afdffffffffffff0000,10
199.467255041,USMsgRx,819,2,0,49fdffffffffffff0000,10
200.074914506,USMsgRx,747,2,0,48fdffffffffffff0000,10
200.148124708,USMsgRx,656,2,0,47fdffffffffffff0000,10
200.270341700,USMsgRx,571,2,0,45fdffffffffffff0000,10
200.495692757,USMsgRx,512,2,0,46fdffffffffffff0000,10
201.490181867,USMsgRx,259,2,0,43fdffffffffffff0000,10
201.724173267,USMsgRx,206,2,0,42fdffffffffffff0000,10
202.130089939,USMsgRx,459,2,0,40fdffffffffffff0000,10
202.257135832,USMsgRx,469,2,0,41fdffffffffffff0000,10
202.325287308,USMsgRx,461,2,0,3ffdffffffffffff0000,10
202.801333078,USMsgRx,554,2,0,3dfdffffffffffff0000,10
203.386968133,USMsgRx,245,2,0,3cfdffffffffffff0000,10
203.951245411,USMsgRx,645,2,0,3bfdffffffffffff0000,10
204.007086653,USMsgRx,598,2,0,3afdffffffffffff0000,10
204.835074914,USMsgRx,619,2,0,38fdffffffffffff0000,10
205.192472531,USMsgRx,394,2,0,39fdffffffffffff0000,10
206.445814313,USMsgRx,983,2,0,36fdffffffffffff0000,10
206.584344423,USMsgRx,191,2,0,37fdffffffffffff0000,10
206.784290595,USMsgRx,624,2,0,34fdffffffffffff0000,10
206.887138443,USMsgRx,669,2,0,33fdffffffffffff0000,10
207.385730191,USMsgRx,240,2,0,32fdffffffffffff0000,10
207.844095121,USMsgRx,252,2,0,30fdffffffffffff0000,10
208.421122472,USMsgRx,648,2,0,2efdffffffffffff0000,10
208.478534526,USMsgRx,133,2,0,2ffdffffffffffff0000,10
208.487255648,USMsgRx,485,2,0,2dfdffffffffffff0000,10
209.673543578,USMsgRx,145,2,0,2cfdffffffffffff0000,10
209.792004098,USMsgRx,500,2,0,2bfdffffffffffff0000,10
210.301088896,USMsgRx,933,2,0,29fdffffffffffff0000,10
210.341789548,USMsgRx,852,2,0,2afdffffffffffff0000,10
210.516975571,USMsgRx,721,2,0,27fdffffffffffff0000,10
210.945690769,USMsgRx,97,2,0,26fdffffffffffff0000,10
211.090100227,USMsgRx,996,2,0,25fdffffffffffff0000,10
211.163476313,USMsgRx,276,2,0,28fdffffffffffff0000,10
211.596004804,USMsgRx,499,2,0,24fdffffffffffff0000,10
211.600494498,USMsgRx,596,2,0,23fdffffffffffff0000,10
212.426996416,USMsgRx,832,2,0,22fdffffffffffff0000,10
212.847978173,USMsgRx,293,2,0,21fdffffffffffff0000,10
212.897912588,USMsgRx,636,2,0,20fdffffffffffff0000,10
213.493582108,USMsgRx,738,2,0,1dfdffffffffffff0000,10
213.521892629,USMsgRx,496,2,0,1ffdffffffffffff0000,10
214.403048176,USMsgRx,455,2,0,1bfdffffffffffff0000,10
214.537690879,USMsgRx,213,2,0,1afdffffffffffff0000,10
214.841685954,USMsgRx,154,2,0,19fdffffffffffff0000,10
215.477528611,USMsgRx,790,2,0,18fdffffffffffff0000,10
216.443379712,USMsgRx,106,2,0,16fdffffffffffff0000,10
217.061120084,USMsgRx,873,2,0,15fdffffffffffff0000,10
217.646815348,USMsgRx,332,2,0,14fdffffffffffff0000,10
218.986104466,USMsgRx,236,2,0,10fdffffffffffff0000,10
219.282781148,USMsgRx,308,2,0,0ffdffffffffffff0000,10
219.454566816,USMsgRx,792,2,0,0efdffffffffffff0000,10
219.774373623,USMsgRx,925,2,0,0dfdffffffffffff0000,10
220.685898567,USMsgRx,668,2,0,0bfdffffffffffff0000,10
220.804966254,USMsgRx,152,2,0,0afdffffffffffff0000,10
221.146137459,USMsgRx,4,2,0,09fdffffffffffff0000,10
221.352145750,USMsgRx,364,2,0,08fdffffffffffff0000,10
221.503043662,USMsgRx,256,2,0,07fdffffffffffff0000,10
222.690835889,USMsgRx,501,2,0,04fdffffffffffff0000,10
222.717035532,USMsgRx,742,2,0,06fdffffffffffff0000,10
223.228369883,USMsgRx,386,2,0,03fdffffffffffff0000,10
223.728229407,USMsgRx,920,2,0,02fdffffffffffff0000,10
224.127355746,USMsgRx,477,2,0,01fdffffffffffff0000,10
224.268137124,USMsgRx,720,2,0,00fdffffffffffff0000,10
225.212306289,USMsgRx,409,2,0,fffcffffffffffff0000,10
226.216212247,USMsgRx,113,2,0,fefcffffffffffff0000,10
226.622775678,USMsgRx,212,2,0,fdfcffffffffffff0000,10
226.737720185,USMsgRx,557,2,0,fcfcffffffffffff0000,10
226.934980487,USMsgRx,417,2,0,fbfcffffffffffff0000,10
227.469388765,USMsgRx,618,2,0,fafcffffffffffff0000,10
227.933268266,USMsgRx,971,2,0,f9fcffffffffffff0000,10
228.620993100,USMsgRx,567,2,0,f8fcffffffffffff0000,10
228.789584277,USMsgRx,769,2,0,f7fcffffffffffff0000,10
228.881941199,USMsgRx,322,2,0,f6fcffffffffffff0000,10
229.018482604,USMsgRx,957,2,0,f5fcffffffffffff0000,10
229.295884426,USMsgRx,306,2,0,f3fcffffffffffff0000,10
229.764941396,USMsgRx,321,2,0,f2fcffffffffffff0000,10
230.152071727,USMsgRx,541,2,0,f1fcffffffffffff0000,10
230.188264524,USMsgRx,545,2,0,f0fcffffffffffff0000,10
230.365206506,USMsgRx,264,2,0,eefcffffffffffff0000,10
230.434680882,USMsgRx,973,2,0,edfcffffffffffff0000,10
231.451830464,USMsgRx,45,2,0,ecfcffffffffffff0000,10
231.767499627,USMsgRx,711,2,0,ebfcffffffffffff0000,10
232.727282998,USMsgRx,150,2,0,eafcffffffffffff0000,10
233.383271151,USMsgRx,727,2,0,e9fcffffffffffff0000,10
233.432137697,USMsgRx,342,2,0,e8fcffffffffffff0000,10
233.703665938,USMsgRx,310,2,0,e7fcffffffffffff0000,10
234.236590851,USMsgRx,703,2,0,e5fcffffffffffff0000,10
234.749886116,USMsgRx,458,2,0,e4fcffffffffffff0000,10
234.877754185,USMsgRx,535,2,0,e3fcffffffffffff0000,10
235.596610329,USMsgRx,548,2,0,e1fcffffffffffff0000,10
235.709561350,USMsgRx,61,2,0,defcffffffffffff0000,10
235.756248584,USMsgRx,316,2,0,e0fcffffffffffff0000,10
235.889753352,USMsgRx,374,2,0,ddfcffffffffffff0000,10
237.033295111,USMsgRx,373,2,0,dafcffffffffffff0000,10
237.075824092,USMsgRx,634,2,0,dcfcffffffffffff0000,10
237.133796102,USMsgRx,59,2,0,d9fcffffffffffff0000,10
237.222444308,USMsgRx,646,2,0,d8fcffffffffffff0000,10
237.887626748,USMsgRx,607,2,0,d6fcffffffffffff0000,10
238.220974735,USMsgRx,974,2,0,d5fcffffffffffff0000,10
238.814484633,USMsgRx,883,2,0,d4fcffffffffffff0000,10
239.136490774,USMsgRx,378,2,0,d3fcffffffffffff0000,10
239.328983213,USMsgRx,2,2,0,d2fcffffffffffff0000,10
239.413314604,USMsgRx,68,2,0,d0fcffffffffffff0000,10
239.606877215,USMsgRx,38,2,0,cffcffffffffffff0000,10
239.738113362,USMsgRx,612,2,0,cefcffffffffffff0000,10
240.071366657,USMsgRx,655,2,0,ccfcffffffffffff0000,10
240.261207641,USMsgRx,704,2,0,cbfcffffffffffff0000,10
240.719336131,USMsgRx,392,2,0,c9fcffffffffffff0000,10
241.792266723,USMsgRx,809,2,0,c7fcffffffffffff0000,10
242.011997141,USMsgRx,513,2,0,c6fcffffffffffff0000,10
242.072504739,USMsgRx,767,2,0,c5fcffffffffffff0000,10
242.644630353,USMsgRx,947,2,0,c4fcffffffffffff0000,10
243.535560903,USMsgRx,570,2,0,c3fcffffffffffff0000,10
243.897741353,USMsgRx,526,2,0,c1fcffffffffffff0000,10
244.326888092,USMsgRx,368,2,0,c0fcffffffffffff0000,10
244.717263900,USMsgRx,515,2,0,bffcffffffffffff0000,10
245.520778698,USMsgRx,529,2,0,befcffffffffffff0000,10
245.780115631,USMsgRx,177,2,0,bdfcffffffffffff0000,10
245.913475777,USMsgRx,684,2,0,bcfcffffffffffff0000,10
246.032013639,USMsgRx,198,2,0,bbfcffffffffffff0000,10
246.404410521,USMsgRx,319,2,0,bafcffffffffffff0000,10
246.476993996,USMsgRx,706,2,0,b9fcffffffffffff0000,10
247.050441258,USMsgRx,984,2,0,b8fcffffffffffff0000,10
247.370102455,USMsgRx,877,2,0,b7fcffffffffffff0000,10
247.472755340,USMsgRx,462,2,0,b5fcffffffffffff0000,10
247.994203549,USMsgRx,691,2,0,b3fcffffffffffff0000,10
248.214419674,USMsgRx,223,2,0,b1fcffffffffffff0000,10
248.227885302,USMsgRx,242,2,0,b2fcffffffffffff0000,10
248.276130261,USMsgRx,528,2,0,b4fcffffffffffff0000,10
248.378175225,USMsgRx,907,2,0,b0fcffffffffffff0000,10
248.577113460,USMsgRx,163,2,0,affcffffffffffff0000,10
248.762974291,USMsgRx,215,2,0,aefcffffffffffff0000,10
249.471813135,USMsgRx,779,2,0,acfcffffffffffff0000,10
249.475209281,USMsgRx,243,2,0,adfcffffffffffff0000,10
249.750288799,USMsgRx,878,2,0,abfcffffffffffff0000,10
251.451704640,USMsgRx,237,2,0,aafcffffffffffff0000,10
252.094395373,USMsgRx,294,2,0,a9fcffffffffffff0000,10
252.588722194,USMsgRx,162,2,0,a7fcffffffffffff0000,10
252.731397136,USMsgRx,62,2,0,a8fcffffffffffff0000,10
253.051758258,USMsgRx,865,2,0,a6fcffffffffffff0000,10
253.850059360,USMsgRx,869,2,0,a3fcffffffffffff0000,10
254.003623084,USMsgRx,91,2,0,a5fcffffffffffff0000,10
254.069052533,USMsgRx,391,2,0,a2fcffffffffffff0000,10
254.323335016,USMsgRx,688,2,0,a1fcffffffffffff0000,10
254.633259926,USMsgRx,100,2,0,a0fcffffffffffff0000,10
255.483374109,USMsgRx,382,2,0,9ffcffffffffffff0000,10
255.531352234,USMsgRx,689,2,0,9dfcffffffffffff0000,10
255.541836321,USMsgRx,141,2,0,9efcffffffffffff0000,10
255.823877928,USMsgRx,144,2,0,9cfcffffffffffff0000,10
256.394870543,USMsgRx,175,2,0,9bfcffffffffffff0000,10
257.499145453,USMsgRx,915,2,0,9afcffffffffffff0000,10
257.579043432,USMsgRx,764,2,0,98fcffffffffffff0000,10
257.683524760,USMsgRx,829,2,0,99fcffffffffffff0000,10
257.693820634,USMsgRx,487,2,0,97fcffffffffffff0000,10
257.904769029,USMsgRx,964,2,0,96fcffffffffffff0000,10
257.931119749,USMsgRx,902,2,0,95fcffffffffffff0000,10
258.311651721,USMsgRx,916,2,0,94fcffffffffffff0000,10
258.857254583,USMsgRx,25,2,0,93fcffffffffffff0000,10
259.192513974,USMsgRx,666,2,0,92fcffffffffffff0000,10
259.281447435,USMsgRx,427,2,0,90fcffffffffffff0000,10
259.532152841,USMsgRx,160,2,0,8efcffffffffffff0000,10
259.532791997,USMsgRx,572,2,0,91fcffffffffffff0000,10
259.707888455,USMsgRx,577,2,0,8dfcffffffffffff0000,10
259.802961243,USMsgRx,315,2,0,8cfcffffffffffff0000,10
260.518064541,USMsgRx,632,2,0,8bfcffffffffffff0000,10
260.683960555,USMsgRx,588,2,0,8afcffffffffffff0000,10
260.767800732,USMsgRx,505,2,0,88fcffffffffffff0000,10
260.901589417,USMsgRx,134,2,0,89fcffffffffffff0000,10
261.471099968,USMsgRx,400,2,0,87fcffffffffffff0000,10
262.017361886,USMsgRx,403,2,0,85fcffffffffffff0000,10
262.131985036,USMsgRx,481,2,0,86fcffffffffffff0000,10
262.722540302,USMsgRx,67,2,0,84fcffffffffffff0000,10
263.138712526,USMsgRx,506,2,0,83fcffffffffffff0000,10
264.003621466,USMsgRx,763,2,0,82fcffffffffffff0000,10
264.308123661,USMsgRx,955,2,0,81fcffffffffffff0000,10
265.643826306,USMsgRx,755,2,0,80fcffffffffffff0000,10
265.766755161,USMsgRx,146,2,0,7ffcffffffffffff0000,10
266.026975603,USMsgRx,299,2,0,7efcffffffffffff0000,10
266.269516665,USMsgRx,714,2,0,7dfcffffffffffff0000,10
266.607632613,USMsgRx,866,2,0,7cfcffffffffffff0000,10
266.717476395,USMsgRx,732,2,0,7bfcffffffffffff0000,10
267.159179383,USMsgRx,436,2,0,7afcffffffffffff0000,10
267.263969591,USMsgRx,471,2,0,79fcffffffffffff0000,10
267.585193271,USMsgRx,786,2,0,78fcffffffffffff0000,10
267.740672461,USMsgRx,447,2,0,76fcffffffffffff0000,10
267.914673518,USMsgRx,762,2,0,75fcffffffffffff0000,10
267.927129029,USMsgRx,681,2,0,73fcffffffffffff0000,10
267.957584886,USMsgRx,735,2,0,77fcffffffffffff0000,10
268.236401420,USMsgRx,346,2,0,72fcffffffffffff0000,10
268.452220467,USMsgRx,207,2,0,71fcffffffffffff0000,10
268.689306391,USMsgRx,773,2,0,70fcffffffffffff0000,10
268.968046439,USMsgRx,539,2,0,6ffcffffffffffff0000,10
269.084813693,USMsgRx,167,2,0,6efcffffffffffff0000,10
269.177429578,USMsgRx,963,2,0,6dfcffffffffffff0000,10
269.755227855,USMsgRx,352,2,0,6cfcffffffffffff0000,10
271.456854397,USMsgRx,369,2,0,6bfcffffffffffff0000,10
271.719700397,USMsgRx,842,2,0,6afcffffffffffff0000,10
271.955768177,USMsgRx,616,2,0,69fcffffffffffff0000,10
272.060433740,USMsgRx,695,2,0,68fcffffffffffff0000,10
272.265851394,USMsgRx,483,2,0,67fcffffffffffff0000,10
272.895262644,USMsgRx,893,2,0,65fcffffffffffff0000,10
272.975579783,USMsgRx,107,2,0,66fcffffffffffff0000,10
273.881950617,USMsgRx,491,2,0,63fcffffffffffff0000,10
275.044141252,USMsgRx,161,2,0,62fcffffffffffff0000,10
275.388545278,USMsgRx,938,2,0,61fcffffffffffff0000,10
275.927664001,USMsgRx,928,2,0,60fcffffffffffff0000,10
276.302908677,USMsgRx,464,2,0,5ffcffffffffffff0000,10
276.615844664,USMsgRx,292,2,0,5efcffffffffffff0000,10
276.742416695,USMsgRx,285,2,0,5dfcffffffffffff0000,10
277.133140537,USMsgRx,194,2,0,5cfcffffffffffff0000,10
277.472189070,USMsgRx,262,2,0,5bfcffffffffffff0000,10
277.578200036,USMsgRx,19,2,0,5afcffffffffffff0000,10
277.888304666,USMsgRx,426,2,0,59fcffffffffffff0000,10
278.035555619,USMsgRx,6,2,0,58fcffffffffffff0000,10
278.173024598,USMsgRx,613,2,0,57fcffffffffffff0000,10
279.160346543,USMsgRx,465,2,0,56fcffffffffffff0000,10
279.445288327,USMsgRx,168,2,0,55fcffffffffffff0000,10
280.080964033,USMsgRx,440,2,0,54fcffffffffffff0000,10
280.776202816,USMsgRx,994,2,0,53fcffffffffffff0000,10
280.985272449,USMsgRx,200,2,0,52fcffffffffffff0000,10
281.263562534,USMsgRx,717,2,0,51fcffffffffffff0000,10
281.530746831,USMsgRx,858,2,0,50fcffffffffffff0000,10
281.757793998,USMsgRx,356,2,0,4efcffffffffffff0000,10
282.385122082,USMsgRx,309,2,0,4cfcffffffffffff0000,10
282.401143811,USMsgRx,239,2,0,4dfcffffffffffff0000,10
282.539921493,USMsgRx,139,2,0,4bfcffffffffffff0000,10
282.617127454,USMsgRx,972,2,0,4afcffffffffffff0000,10
283.031595226,USMsgRx,257,2,0,4ffcffffffffffff0000,10
283.403464889,USMsgRx,521,2,0,49fcffffffffffff0000,10
284.027485112,USMsgRx,741,2,0,48fcffffffffffff0000,10
284.415366836,USMsgRx,370,2,0,47fcffffffffffff0000,10
284.460822156,USMsgRx,981,2,0,46fcffffffffffff0000,10
284.532264057,USMsgRx,962,2,0,45fcffffffffffff0000,10
285.359391481,USMsgRx,677,2,0,44fcffffffffffff0000,10
286.011274778,USMsgRx,376,2,0,43fcffffffffffff0000,10
287.072942354,USMsgRx,784,2,0,42fcffffffffffff0000,10
287.281825275,USMsgRx,90,2,0,41fcffffffffffff0000,10
287.905044707,USMsgRx,547,2,0,40fcffffffffffff0000,10
287.974994989,USMsgRx,771,2,0,3ffcffffffffffff0000,10
289.407110624,USMsgRx,166,2,0,3efcffffffffffff0000,10
290.395739587,USMsgRx,1000,2,0,3dfcffffffffffff0000,10
290.439287736,USMsgRx,823,2,0,3cfcffffffffffff0000,10
291.263182968,USMsgRx,856,2,0,39fcffffffffffff0000,10
292.115696823,USMsgRx,640,2,0,38fcffffffffffff0000,10
292.437721736,USMsgRx,950,2,0,37fcffffffffffff0000,10
292.559333986,USMsgRx,21,2,0,36fcffffffffffff0000,10
292.846248235,USMsgRx,185,2,0,35fcffffffffffff0000,10
292.872733087,USMsgRx,55,2,0,33fcffffffffffff0000,10
292.897370513,USMsgRx,221,2,0,34fcffffffffffff0000,10
293.739774068,USMsgRx,641,2,0,30fcffffffffffff0000,10
293.889040490,USMsgRx,644,2,0,2bfcffffffffffff0000,10
293.912587186,USMsgRx,478,2,0,2ffcffffffffffff0000,10
293.923365067,USMsgRx,412,2,0,2cfcffffffffffff0000,10
294.001384333,USMsgRx,30,2,0,31fcffffffffffff0000,10
294.197416470,USMsgRx,338,2,0,2afcffffffffffff0000,10
294.443547891,USMsgRx,170,2,0,32fcffffffffffff0000,10
294.615484926,USMsgRx,665,2,0,28fcffffffffffff0000,10
294.808250142,USMsgRx,834,2,0,26fcffffffffffff0000,10
294.848332036,USMsgRx,297,2,0,29fcffffffffffff0000,10
295.355868475,USMsgRx,707,2,0,24fcffffffffffff0000,10
295.840695422,USMsgRx,323,2,0,22fcffffffffffff0000,10
295.958171418,USMsgRx,519,2,0,25fcffffffffffff0000,10
296.007789857,USMsgRx,190,2,0,21fcffffffffffff0000,10
296.367248326,USMsgRx,532,2,0,1ffcffffffffffff0000,10
297.143722706,USMsgRx,870,2,0,1efcffffffffffff0000,10
297.233299578,USMsgRx,715,2,0,23fcffffffffffff0000,10
297.752411264,USMsgRx,44,2,0,1dfcffffffffffff0000,10
297.930010778,USMsgRx,89,2,0,1cfcffffffffffff0000,10
298.885102579,USMsgRx,533,2,0,1bfcffffffffffff0000,10
299.621410263,USMsgRx,731,2,0,1afcffffffffffff0000,10
299.935611900,USMsgRx,435,2,0,19fcffffffffffff0000,10
299.950012716,USMsgRx,20,2,0,18fcffffffffffff0000,10
300.948240974,USMsgRx,935,2,0,17fcffffffffffff0000,10
